ID,First Name,Last Name,E-mail
1,Hersh,Sherewood,hsherewood0@people.com.cn
2,Susy,Tincombe,stincombe1@microsoft.com
3,Rahel,Waplinton,rwaplinton2@bbb.org
4,Berkly,Dable,bdable3@bloglines.com
5,Godfrey,Fenelow,gfenelow4@1und1.de
6,Celeste,Aery,caery5@comcast.net
7,Grissel,Runham,grunham6@netlog.com
8,Onida,Andrysek,oandrysek7@a8.net
9,Feliks,Skermer,fskermer8@feedburner.com
10,Brien,Greatbank,bgreatbank9@wordpress.com
11,Gardiner,Wallwood,gwallwooda@tinypic.com
12,Gavrielle,Wey,gweyb@java.com
13,Eamon,Mariaud,emariaudc@jiathis.com
14,Montgomery,Mulvany,mmulvanyd@japanpost.jp
15,Blanch,Duiged,bduigede@nymag.com
16,Trstram,Mogenot,tmogenotf@amazon.co.uk
17,Gabey,Langlands,glanglandsg@economist.com
18,Fraze,Airton,fairtonh@alexa.com
19,Teodora,Addicott,taddicotti@xrea.com
20,Kacy,Chatburn,kchatburnj@edublogs.org
21,Emilee,Nuttey,enutteyk@abc.net.au
22,Chancey,Gwillim,cgwilliml@shinystat.com
23,Darline,Bollon,dbollonm@webs.com
24,Susanne,Schoolfield,sschoolfieldn@linkedin.com
25,Ethyl,Husset,ehusseto@globo.com
26,Noreen,Pockey,npockeyp@abc.net.au
27,Ellen,Hallows,ehallowsq@businessweek.com
28,Nickie,Prinett,nprinettr@mayoclinic.com
29,Ethelin,Szabo,eszabos@nytimes.com
30,Evvie,Jonah,ejonaht@craigslist.org
31,Aleen,Heisham,aheishamu@barnesandnoble.com
32,Delmor,Parmby,dparmbyv@oakley.com
33,Nessy,Towersey,ntowerseyw@microsoft.com
34,Fabien,Hiddersley,fhiddersleyx@youtu.be
35,Nike,McIndoe,nmcindoey@google.fr
36,Mamie,Nicklen,mnicklenz@ftc.gov
37,Adham,Bartram,abartram10@sciencedirect.com
38,Tades,Clyma,tclyma11@skyrock.com
39,Jon,Burvill,jburvill12@xinhuanet.com
40,Eran,Cockin,ecockin13@wikia.com
41,Guntar,Suttaby,gsuttaby14@timesonline.co.uk
42,Thatcher,Sowrah,tsowrah15@elpais.com
43,Carri,Ducker,cducker16@mail.ru
44,Hayes,O'Cahsedy,hocahsedy17@amazon.com
45,Smith,Levinge,slevinge18@admin.ch
46,Lita,Worvill,lworvill19@icio.us
47,Kynthia,Yesinov,kyesinov1a@about.com
48,Harwilll,Maffetti,hmaffetti1b@de.vu
49,Alfi,Pennick,apennick1c@bloglovin.com
50,Teddy,Tolomelli,ttolomelli1d@photobucket.com
51,Miltie,Farryan,mfarryan1e@vk.com
52,Kameko,Bulfoy,kbulfoy1f@dell.com
53,Coleen,Lankford,clankford1g@angelfire.com
54,Danielle,Rogans,drogans1h@rediff.com
55,Brigitte,Treace,btreace1i@reverbnation.com
56,Mil,Bothram,mbothram1j@arstechnica.com
57,Evey,Arsnell,earsnell1k@smh.com.au
58,Manya,Nolleth,mnolleth1l@bloglovin.com
59,Karmen,Polley,kpolley1m@usa.gov
60,Cody,Rosenberger,crosenberger1n@tamu.edu
61,Yvor,Antonomoli,yantonomoli1o@nba.com
62,Sallyann,Stanyon,sstanyon1p@biblegateway.com
63,Enrico,Sweatman,esweatman1q@salon.com
64,Enriqueta,Hearfield,ehearfield1r@cdc.gov
65,Noami,Durbann,ndurbann1s@phoca.cz
66,Fleming,McKea,fmckea1t@lycos.com
67,Kris,Rushworth,krushworth1u@washington.edu
68,Tris,Ishak,tishak1v@biblegateway.com
69,Merilee,Flatt,mflatt1w@google.com.au
70,Pembroke,Lammertz,plammertz1x@admin.ch
71,Rockey,Portlock,rportlock1y@printfriendly.com
72,Ignazio,Deedes,ideedes1z@taobao.com
73,Valry,McBayne,vmcbayne20@ifeng.com
74,Kenton,Lillecrap,klillecrap21@boston.com
75,Audry,Tapsfield,atapsfield22@sakura.ne.jp
76,Sande,Goly,sgoly23@technorati.com
77,Gaile,Letessier,gletessier24@homestead.com
78,Efren,Sanchis,esanchis25@marriott.com
79,Pansie,Westwater,pwestwater26@cdc.gov
80,Stacee,Hardesty,shardesty27@un.org
81,Paloma,Gathercole,pgathercole28@mtv.com
82,Georgi,Harvey,gharvey29@ifeng.com
83,North,Sang,nsang2a@mail.ru
84,Emlynn,Hulett,ehulett2b@ox.ac.uk
85,Dickie,Lambregts,dlambregts2c@pinterest.com
86,Nehemiah,Waberer,nwaberer2d@lulu.com
87,Shirline,Worssam,sworssam2e@amazon.de
88,Octavius,Flintoffe,oflintoffe2f@people.com.cn
89,Teresina,Swiffan,tswiffan2g@tamu.edu
90,Desiree,Orrobin,dorrobin2h@state.gov
91,Giovanna,Tuxwell,gtuxwell2i@123-reg.co.uk
92,Cyndie,Striker,cstriker2j@reuters.com
93,Alexandro,Hartright,ahartright2k@eventbrite.com
94,Jena,Dollar,jdollar2l@gov.uk
95,Aldous,Hasnney,ahasnney2m@ihg.com
96,Rickard,Doget,rdoget2n@google.com.br
97,Ginnifer,Aylott,gaylott2o@bandcamp.com
98,Katheryn,Cadore,kcadore2p@yandex.ru
99,Isak,Aymes,iaymes2q@cocolog-nifty.com
100,Trixie,Popworth,tpopworth2r@ovh.net
